{
  "predict_arguments": {
    "sepal_length_(cm)": {
      "type": "continuous",
      "dtype": "float64"
    },
    "sepal_width_(cm)": {
      "type": "continuous",
      "dtype": "float64"
    },
    "petal_length_(cm)": {
      "type": "continuous",
      "dtype": "float64"
    },
    "petal_width_(cm)": {
      "type": "continuous",
      "dtype": "float64"
    }
  },
  "predict_response": {
    "target": {
      "type": "categorical",
      "dtype": "category"
    }
  },
  "problem_type": "multiclass_classification"
}