{
  "generation" : "X8M",
  "total racks" : 2,
  "total compute" : 2,
  "total storage" : 10,
  "total existing racks" : 1,
  "total existing compute" : 2,
  "total existing storage" : 3,
  "racks" :
  [
    {
      "rack_num" : 1,
      "new rack" : "yes",
      "number compute" : 0,
      "number storage" : 7,
      "existing compute" : 0,
      "existing storage" : 0,
      "components" :
      [
        {
          "type" : "spine",
          "uloc" : 1,
          "uheight" : 1,
          "new component" : "yes"
        },
        {
          "type" : "storage",
          "uloc" : 2,
          "uheight" : 2,
          "new component" : "yes"
        },
        {
          "type" : "storage",
          "uloc" : 4,
          "uheight" : 2,
          "new component" : "yes"
        },
        {
          "type" : "storage",
          "uloc" : 6,
          "uheight" : 2,
          "new component" : "yes"
        },
        {
          "type" : "storage",
          "uloc" : 8,
          "uheight" : 2,
          "new component" : "yes"
        },
        {
          "type" : "storage",
          "uloc" : 10,
          "uheight" : 2,
          "new component" : "yes"
        },
        {
          "type" : "storage",
          "uloc" : 12,
          "uheight" : 2,
          "new component" : "yes"
        },
        {
          "type" : "storage",
          "uloc" : 14,
          "uheight" : 2,
          "new component" : "yes"
        }
      ]
    },
    {
      "rack_num" : 2,
      "new rack" : "no",
      "number compute" : 2,
      "number storage" : 3,
      "existing compute" : 2,
      "existing storage" : 3,
      "components" :
      [
        {
          "type" : "spine",
          "uloc" : 1,
          "uheight" : 1,
          "new component" : "no"
        },
        {
          "type" : "storage",
          "uloc" : 2,
          "uheight" : 2,
          "new component" : "no"
        },
        {
          "type" : "storage",
          "uloc" : 4,
          "uheight" : 2,
          "new component" : "no"
        },
        {
          "type" : "storage",
          "uloc" : 6,
          "uheight" : 2,
          "new component" : "yes"
        },
        {
          "type" : "compute",
          "uloc" : 16,
          "uheight" : 1,
          "new component" : "no"
        },
        {
          "type" : "compute",
          "uloc" : 17,
          "uheight" : 1,
          "new component" : "no"
        }
      ]
    }
  ]
}