<?xml version="1.0" encoding="UTF-8" standalone="no"?>
<LoganContent xmlns="http://www.oracle.com/DataCenter/LogAnalyticsStd" content_version="2.40.1.0.0" name="content_ocid1.tenancy.oc1..aaaaaaaa2biiw2clmshec34nq7rcdn2ga6q34rwq3erddvdht5qd4xbaex2a_1630609510042" oms_version="2.40.1.0.0">
   <Field oms_version="2.40.1.0.0">
      <DisplayName>TFField1</DisplayName>
      <Description>Field 1 for terraform testing</Description>
      <FieldType>1</FieldType>
      <IsSystem>0</IsSystem>
      <IsPrimary>1</IsPrimary>
      <DataType>STRING</DataType>
      <IsMetricKeyEligible>0</IsMetricKeyEligible>
      <IsMetricValueEligible>0</IsMetricValueEligible>
      <FacetEligible>1</FacetEligible>
      <RangeFacetEligible>0</RangeFacetEligible>
      <TableEligible>1</TableEligible>
      <FacetPriority>1</FacetPriority>
      <Summarizable>1</Summarizable>
      <HighCardinality>1</HighCardinality>
      <LargeData>0</LargeData>
      <MultiValued>0</MultiValued>
      <SMAEnabledSetting>0</SMAEnabledSetting>
   </Field>
   <Field oms_version="2.40.1.0.0">
      <DisplayName>TFField2</DisplayName>
      <Description>Field 2 for terraform testing</Description>
      <FieldType>1</FieldType>
      <IsSystem>0</IsSystem>
      <IsPrimary>1</IsPrimary>
      <DataType>INTEGER</DataType>
      <IsMetricKeyEligible>0</IsMetricKeyEligible>
      <IsMetricValueEligible>0</IsMetricValueEligible>
      <FacetEligible>1</FacetEligible>
      <RangeFacetEligible>0</RangeFacetEligible>
      <TableEligible>1</TableEligible>
      <FacetPriority>1</FacetPriority>
      <Summarizable>1</Summarizable>
      <HighCardinality>1</HighCardinality>
      <LargeData>0</LargeData>
      <MultiValued>0</MultiValued>
      <SMAEnabledSetting>0</SMAEnabledSetting>
   </Field>
   <Parser oms_version="2.40.1.0.0" tokenize_orig_text="1" type="0">
      <Name>TFParser1</Name>
      <DisplayName>TFParser1</DisplayName>
      <Description>Parser 1 for terraform testing</Description>
      <ParserContent>{TIMEDATE}\s+(\S+)\s+(\d+)</ParserContent>
      <IsSingleLineContent>1</IsSingleLineContent>
      <ExampleContent>2021-08-02 05:43:47.434  INFO order</ExampleContent>
      <IsSystem>0</IsSystem>
      <Encoding>UTF-8</Encoding>
      <Language>en_US</Language>
      <ParserFields>
         <ParserField>
            <FieldSeq>2</FieldSeq>
            <FieldName>udfi15</FieldName>
         </ParserField>
         <ParserField>
            <FieldSeq>1</FieldSeq>
            <FieldName>udfs700</FieldName>
         </ParserField>
      </ParserFields>
      <WrittenOnce>0</WrittenOnce>
      <IsDefaultParser>1</IsDefaultParser>
   </Parser>
   <Source configWarningSettings="0" name="TFSource1" oms_version="2.40.1.0.0">
      <SourceType>os_file</SourceType>
      <TargetTypes>
         <TargetType>omc_host_linux</TargetType>
      </TargetTypes>
      <DisplayName>TFSource1</DisplayName>
      <Description>Source 1 for terraform testing</Description>
      <IsSystem>0</IsSystem>
      <IsSecureContent>1</IsSecureContent>
      <Patterns>
         <Pattern>
            <Value>/var/log/TFLog1.log</Value>
            <IsInclude>1</IsInclude>
            <InUse>1</InUse>
            <IsSystem>0</IsSystem>
            <IsEnabled>1</IsEnabled>
         </Pattern>
      </Patterns>
      <Parsers>
         <Parser>
            <ParserSeq>1</ParserSeq>
            <ParserName>TFParser1</ParserName>
         </Parser>
      </Parsers>
      <IsHidden>0</IsHidden>
      <IsSMAEnabled>0</IsSMAEnabled>
   </Source>
   <FieldNameMaps>
      <FieldNameMap>
         <Name>udfs700</Name>
         <DisplayName>TFField1</DisplayName>
      </FieldNameMap>
      <FieldNameMap>
         <Name>udfi15</Name>
         <DisplayName>TFField2</DisplayName>
      </FieldNameMap>
   </FieldNameMaps>
</LoganContent>
